Drug,Mean_Recall_XGBoost_Super
no prescriptions,1.0
tiotropium,0.9996039603960396
colchicine,0.9956284153005465
lactulose,0.9949999999999999
aspirin,0.9812046529930235
mupirocin,0.8727151327386358
azithromycin,0.8085335458727061
tamsulosin,0.7611449451887942
lidocaine,0.7536539524599226
fenofibrate,0.7508158176909066
ciclopirox,0.7507562008469449
norethindrone,0.7386834004262373
nitroglycerin,0.7301078875286489
amoxicillin,0.7288500336247478
chlorhexidine,0.7280993278566094
methylprednisolone,0.7267508113956005
sumatriptan,0.7186021758372266
senna,0.7105617977528089
fexofenadine,0.6867482161060143
anastrozole,0.6711671312568174
linaclotide,0.6439232409381663
methotrexate,0.6415192300734469
albuterol,0.6395587435669168
alendronate,0.635779023905986
moxifloxacin,0.6345864661654135
diltiazem,0.6335051546391752
ofloxacin,0.6329831932773109
dorzolamide,0.6197368421052631
clobetasol,0.6088499205250474
ondansetron,0.6037926892875428
hydrocortisone,0.57150099535501
gemfibrozil,0.5633953880334024
carvedilol,0.5573643410852712
apixaban,0.5540467424152448
finasteride,0.5424044158150934
hydrochlorothiazide,0.5337823010740015
glimepiride,0.5304687978068511
mometasone,0.5119385342789599
fluconazole,0.5050980392156863
tizanidine,0.500926399182213
gabapentin,0.4580051560693848
methylphenidate,0.4517538260783229
medroxyprogesterone,0.4400715883668903
ketoconazole,0.44006941334527544
doxazosin,0.41572899686986703
loperamide,0.41293532338308453
venlafaxine,0.39987588635785787
methocarbamol,0.3979594228374716
budesonide,0.3951634042193379
lorazepam,0.3908866995073892
memantine,0.3785014004738801
pregabalin,0.37507522717116043
prednisolone,0.3722211243948227
oxycodone,0.3682970788326584
promethazine,0.36793893129770994
terbinafine,0.36234271333790896
levetiracetam,0.35978879502000893
montelukast,0.3514199713230807
atorvastatin,0.34987826236808867
guanfacine,0.34787234042553195
doxycycline,0.34469482156155123
lansoprazole,0.344617024516522
oxcarbazepine,0.3265822784810127
irbesartan,0.3228567934450287
valsartan,0.3169280682239525
pioglitazone,0.30498687664041996
morphine,0.3044564232064232
benzonatate,0.302027027027027
celecoxib,0.3017543859649123
cyclobenzaprine,0.30122084984845643
minocycline,0.29750031246094244
acetaminophen,0.29320535451603413
clindamycin,0.2874391277774492
diphenhydramine,0.28670509818050804
fluticasone,0.2866625212570012
docusate,0.2853724098334986
amlodipine,0.28338368580060425
clonidine,0.28274255350016075
cephalexin,0.2812351769926539
loratadine,0.2811415149220148
cefdinir,0.28076923076923077
fluoxetine,0.2805194805194805
lisdexamfetamine,0.27922036876671114
risperidone,0.2780826558265583
famotidine,0.2712298615387671
dicyclomine,0.2680421998435173
triamcinolone,0.2678054627964723
nortriptyline,0.26211135663378043
glipizide,0.26127034340170485
ramipril,0.2580267558528428
meclizine,0.25495155532891384
clonazepam,0.2490755795548528
sulindac,0.24781609195402296
mirtazapine,0.2462256260391999
cyproheptadine,0.24603508771929822
donepezil,0.24551768124158455
rizatriptan,0.24132836747361885
bupropion,0.23928507650472824
warfarin,0.23705140640155192
pseudoephedrine,0.23500000000000001
hydroxyzine,0.23049999999999998
pantoprazole,0.22359294242154681
guaifenesin,0.2233149750852347
diazepam,0.2223844282238443
hydromorphone,0.2208517536103743
allopurinol,0.21889191643960038
hydroxychloroquine,0.21788829956815353
tadalafil,0.21254272043745726
ezetimibe,0.20409680780524772
phentermine,0.19999999999999998
fluorouracil,0.19830866807610995
losartan,0.19769683985002678
ibuprofen,0.1976871391866178
levocetirizine,0.19437662337662337
pramipexole,0.19381436449405356
trimethoprim,0.19238095238095237
nifedipine,0.19001039346696363
ethinyl estradiol,0.18961593172119487
escitalopram,0.18627097402747586
nitrofurantoin,0.18369098712446355
ketorolac,0.1825864276568502
dexamethasone,0.17784014969259557
acyclovir,0.17665588086234454
atenolol,0.16850479330368984
ciprofloxacin,0.16555895014581307
baclofen,0.16538461538461538
aripiprazole,0.16291062124248498
cetirizine,0.15930196727160673
rivaroxaban,0.1571288842557737
hydralazine,0.14784013178638766
amitriptyline,0.1448728611290188
amiodarone,0.14308954203691046
ipratropium,0.14242424242424243
sildenafil,0.14102564102564102
chlorthalidone,0.14092385600772933
labetalol,0.13837110016420362
clavulanate,0.1366013071895425
propranolol,0.1350125944584383
furosemide,0.12822068576785559
metoprolol,0.12807387322535493
topiramate,0.12750659121245214
betamethasone,0.1269362084456424
zolpidem,0.12466920166695475
verapamil,0.11723000126908922
indomethacin,0.11521739130434783
lamotrigine,0.11154195055104128
rosuvastatin,0.11011048680078972
naproxen,0.1095652420682218
pravastatin,0.10242085661080073
simvastatin,0.10082913892005974
buspirone,0.09591787337531359
lovastatin,0.09550662949140395
prednisone,0.09455205320157088
olmesartan,0.0941610592576514
metronidazole,0.09284888491086746
citalopram,0.09127789046653143
metformin,0.08432163268311217
alprazolam,0.08146401118099231
latanoprost,0.08079470198675497
levofloxacin,0.08058252427184466
telmisartan,0.07746478873239437
ropinirole,0.07727358474387336
dexmethylphenidate,0.07674418604651163
sertraline,0.07654420670165522
atomoxetine,0.07619047619047618
solifenacin,0.07373638344226578
sitagliptin,0.07084402794767068
erythromycin,0.06888888888888889
valacyclovir,0.06545596432552955
olanzapine,0.06361041751305917
enalapril,0.05444598789250741
omeprazole,0.054062362758014924
meloxicam,0.05191951762749867
benazepril,0.04913845829378889
oxybutynin,0.04848484848484849
mirabegron,0.04814814814814815
paroxetine,0.040704735213405736
ampicillin,0.04
etodolac,0.03902439024390244
silver sulfadiazine,0.03636363636363636
lisinopril,0.0359800505950766
ivermectin,0.03333333333333333
cyclosporine,0.03333333333333333
hydrocodone,0.031381567808567074
divalproex sodium,0.030900709219858158
nabumetone,0.0298093058733791
quetiapine,0.029394664842681262
torsemide,0.023828616352201258
spironolactone,0.023487544483985767
duloxetine,0.022973615572577766
penicillin v potassium,0.02142857142857143
diclofenac,0.018409749373679174
sulfamethoxazole,0.014285714285714285
oxymetazoline,0.01
imiquimod,0.008695652173913044
tramadol,0.00790609369612551
nebivolol,0.006106909768983736
tobramycin,0.005128205128205128
clopidogrel,0.005070652633160262
esomeprazole,0.0035398230088495575
trazodone,0.000322407307898979
fluocinonide,0.0
adapalene,0.0
gentamicin,0.0
azelastine,0.0
piroxicam,0.0
olopatadine,0.0
permethrin,0.0
isosorbide mononitrate,0.0
bisacodyl,0.0
timolol,0.0
desvenlafaxine,0.0
ranolazine,0.0
desloratadine,0.0
brimonidine,0.0
bimatoprost,0.0
liraglutide,0.0
