Drug,Recall_2022,Precision_2022,F1_2022,Support_2022
lactulose,1.0,0.8411214953271028,0.9137055837563451,90.0
tiotropium,1.0,0.9975429975429976,0.998769987699877,406.0
colchicine,1.0,1.0,1.0,168.0
no prescriptions,1.0,1.0,1.0,10040.0
senna,1.0,0.9821428571428571,0.990990990990991,55.0
tamsulosin,0.9990507831039392,0.9864104967197751,0.9926904032067908,2107.0
aspirin,0.9791937581274383,0.9216646266829865,0.9495586380832283,1538.0
norethindrone,0.9727626459143969,0.6830601092896175,0.8025682182985554,257.0
alendronate,0.967741935483871,0.9854014598540146,0.976491862567812,558.0
fenofibrate,0.9538714991762768,0.7219451371571073,0.8218594748048261,607.0
chlorhexidine,0.9010989010989011,1.0,0.9479768786127167,91.0
anastrozole,0.8930041152263375,0.4419551934826884,0.5912806539509536,243.0
albuterol,0.8870872058532727,0.8554538520213577,0.870983399669935,5057.0
clavulanate,0.875,0.9333333333333333,0.9032258064516129,16.0
gemfibrozil,0.865546218487395,0.4835680751173709,0.6204819277108434,119.0
ondansetron,0.861038961038961,0.8554838709677419,0.858252427184466,770.0
gabapentin,0.8596033402922756,0.6695121951219513,0.7527422303473492,3832.0
azithromycin,0.8490853658536586,0.8227474150664698,0.8357089272318079,656.0
linaclotide,0.848780487804878,1.0,0.9182058047493403,205.0
methotrexate,0.839041095890411,0.1416184971098266,0.2423343224530168,292.0
finasteride,0.8347934918648311,0.3368686868686869,0.48002878733357324,799.0
carvedilol,0.8191167574107683,0.7141350210970464,0.7630318399549169,1653.0
sumatriptan,0.7820773930753564,0.8590604026845637,0.8187633262260128,491.0
glimepiride,0.7613333333333333,0.5153429602888087,0.6146393972012917,750.0
fluconazole,0.7581227436823105,0.6542056074766355,0.7023411371237458,277.0
celecoxib,0.7509578544061303,0.7101449275362319,0.7299813780260708,522.0
nitroglycerin,0.743801652892562,0.1274787535410765,0.21765417170495768,242.0
hydrochlorothiazide,0.7415088668470093,0.40898541114058357,0.5271930761833529,3327.0
lorazepam,0.7185289957567186,0.3227445997458704,0.4454186760192898,707.0
methylprednisolone,0.674074074074074,0.8348623853211009,0.7459016393442623,270.0
benzonatate,0.6685082872928176,0.7181008902077152,0.6924177396280401,362.0
tizanidine,0.6622023809523809,0.5727155727155727,0.6142167011732229,672.0
cefdinir,0.6476683937823834,0.8503401360544217,0.7352941176470589,193.0
methylphenidate,0.6311475409836066,0.4003466204506066,0.4899257688229056,1098.0
ramipril,0.6222222222222222,0.6222222222222222,0.6222222222222222,180.0
amoxicillin,0.615793470007593,0.5570054945054945,0.5849260728452939,1317.0
diltiazem,0.6134453781512605,0.4697554697554698,0.532069970845481,595.0
dorzolamide,0.6096256684491979,1.0,0.7574750830564784,187.0
doxycycline,0.5873015873015873,0.40846366145354185,0.48182311448724907,756.0
lansoprazole,0.5594405594405595,0.0935672514619883,0.16032064128256512,143.0
doxazosin,0.5572139303482587,0.5308056872037915,0.5436893203883495,201.0
phentermine,0.556420233463035,0.5983263598326359,0.5766129032258065,257.0
atorvastatin,0.5546842325386867,0.2821058229194363,0.37399978850153337,9564.0
allopurinol,0.5529225908372828,0.3287928604978863,0.41237113402061853,1266.0
ciclopirox,0.5512820512820513,1.0,0.7107438016528925,78.0
pregabalin,0.5445402298850575,0.6054313099041534,0.573373676248109,696.0
promethazine,0.5333333333333333,0.40540540540540543,0.46065259117082535,225.0
clindamycin,0.5100671140939598,0.9325153374233128,0.6594360086767896,298.0
moxifloxacin,0.5084745762711864,0.9090909090909091,0.6521739130434783,59.0
docusate,0.49554896142433236,0.2259810554803789,0.3104089219330855,337.0
levetiracetam,0.4954954954954955,0.05759162303664921,0.10318949343339587,444.0
rizatriptan,0.49504950495049505,0.6756756756756757,0.5714285714285714,202.0
methocarbamol,0.48863636363636365,0.3536184210526316,0.41030534351145037,440.0
cephalexin,0.4881889763779528,0.6004842615012107,0.5385450597176982,508.0
diazepam,0.4876543209876543,0.22701149425287356,0.30980392156862746,324.0
nifedipine,0.4871060171919771,0.2951388888888889,0.3675675675675676,349.0
apixaban,0.4798598949211909,0.591792656587473,0.5299806576402321,1713.0
ciprofloxacin,0.46638655462184875,0.2733990147783251,0.3447204968944099,238.0
nortriptyline,0.46190476190476193,0.1624790619765494,0.24039653035935563,210.0
fexofenadine,0.4574468085106383,0.28104575163398693,0.3481781376518219,94.0
montelukast,0.45017482517482516,0.24252413468330586,0.3152257077276205,2288.0
guaifenesin,0.43661971830985913,0.09748427672955975,0.15938303341902313,71.0
amiodarone,0.4351145038167939,0.15159574468085107,0.22485207100591717,131.0
amlodipine,0.42289831865492394,0.30795242537313433,0.3563862087578436,6245.0
ketoconazole,0.41832669322709165,0.8677685950413223,0.5645161290322581,251.0
acetaminophen,0.4126984126984127,0.36619718309859156,0.3880597014925373,630.0
oxycodone,0.40476190476190477,0.42697674418604653,0.41557265731100046,1134.0
morphine,0.4010989010989011,0.29918032786885246,0.3427230046948357,364.0
pioglitazone,0.40096618357487923,0.24198250728862974,0.3018181818181818,414.0
hydromorphone,0.3951612903225806,0.3656716417910448,0.3798449612403101,124.0
dexamethasone,0.38392857142857145,0.24855491329479767,0.3017543859649123,112.0
terbinafine,0.38202247191011235,0.5862068965517241,0.46258503401360546,89.0
diphenhydramine,0.375,0.16666666666666666,0.23076923076923078,96.0
memantine,0.3665338645418327,0.2958199356913183,0.3274021352313167,251.0
sildenafil,0.36531365313653136,0.49748743718592964,0.42127659574468085,271.0
loperamide,0.3617021276595745,0.6296296296296297,0.4594594594594595,47.0
hydroxychloroquine,0.3492723492723493,0.42,0.3813847900113507,481.0
venlafaxine,0.34527972027972026,0.3147410358565737,0.32930387661525634,1144.0
mupirocin,0.33613445378151263,0.9876543209876543,0.5015673981191222,238.0
lisdexamfetamine,0.33271375464684017,0.7521008403361344,0.46134020618556704,538.0
meclizine,0.33248081841432225,0.4088050314465409,0.36671368124118475,391.0
hydrocortisone,0.3223684210526316,0.04202401372212693,0.07435508345978756,152.0
atenolol,0.30654761904761907,0.9196428571428571,0.45982142857142855,1008.0
lamotrigine,0.29976303317535546,0.5337552742616034,0.38391502276176026,844.0
medroxyprogesterone,0.29411764705882354,0.08032128514056225,0.12618296529968454,68.0
ezetimibe,0.2857142857142857,0.5024630541871922,0.36428571428571427,714.0
glipizide,0.2757527733755943,0.16893203883495145,0.2095123419626731,1262.0
nitrofurantoin,0.2744360902255639,0.584,0.3734015345268542,266.0
famotidine,0.27195225916453536,0.2264017033356991,0.24709527498063516,1173.0
zolpidem,0.26869158878504673,0.7301587301587301,0.3928266438941076,856.0
pramipexole,0.2640449438202247,0.8245614035087719,0.4,178.0
fluoxetine,0.262094304960196,0.45052631578947366,0.3313975996902826,1633.0
ketorolac,0.2605633802816901,0.47435897435897434,0.33636363636363636,142.0
metoprolol,0.25469959454478436,0.3493427704752275,0.2946066936687273,5426.0
hydroxyzine,0.25435203094777564,0.3978819969742814,0.31032448377581123,1034.0
clonazepam,0.2508214676889376,0.4186471663619744,0.3136986301369863,913.0
valsartan,0.25054466230936817,0.8778625954198473,0.3898305084745763,459.0
lovastatin,0.24761904761904763,0.03967951163677985,0.06839855310753042,420.0
cyclobenzaprine,0.24741379310344827,0.400278940027894,0.3058071390516782,1160.0
risperidone,0.24333333333333335,0.28294573643410853,0.2616487455197133,300.0
acyclovir,0.23780487804878048,0.15789473684210525,0.1897810218978102,328.0
irbesartan,0.2361111111111111,0.08585858585858586,0.1259259259259259,216.0
torsemide,0.22613065326633167,0.05791505791505792,0.09221311475409837,199.0
pantoprazole,0.22611089264648054,0.8518518518518519,0.3573648228713487,2543.0
fluticasone,0.2244031830238727,0.5558475689881734,0.3197278911564626,1885.0
clobetasol,0.22348484848484848,0.007342874922215308,0.01421858055187372,264.0
hydralazine,0.20872865275142316,0.2981029810298103,0.24553571428571427,527.0
prednisone,0.20337790288529206,0.40083217753120665,0.2698412698412698,1421.0
clonidine,0.20327102803738317,0.06216505894962487,0.09521203830369357,856.0
verapamil,0.20179372197309417,0.35714285714285715,0.25787965616045844,223.0
tadalafil,0.19230769230769232,0.1111111111111111,0.14084507042253522,260.0
dicyclomine,0.1875,0.18506493506493507,0.18627450980392157,304.0
olanzapine,0.18681318681318682,0.06854838709677419,0.10029498525073746,273.0
prednisolone,0.17701863354037267,0.6867469879518072,0.2814814814814815,322.0
tobramycin,0.17647058823529413,0.6923076923076923,0.28125,51.0
etodolac,0.17647058823529413,0.010526315789473684,0.019867549668874173,17.0
donepezil,0.17307692307692307,0.04929577464788732,0.07673568818514007,364.0
aripiprazole,0.1718146718146718,0.12430167597765363,0.14424635332252836,518.0
metronidazole,0.1701492537313433,0.4956521739130435,0.25333333333333335,335.0
lidocaine,0.16883116883116883,0.2765957446808511,0.20967741935483872,77.0
pseudoephedrine,0.16129032258064516,0.4166666666666667,0.23255813953488372,31.0
warfarin,0.15902964959568733,0.2309197651663405,0.18834796488427774,742.0
ropinirole,0.15819209039548024,0.09180327868852459,0.11618257261410789,354.0
mirtazapine,0.1496881496881497,0.09986130374479889,0.11980033277870217,481.0
levocetirizine,0.14715719063545152,0.1543859649122807,0.1506849315068493,299.0
losartan,0.1430229858370095,0.19142324425108764,0.16372093023255813,4307.0
metformin,0.13979258417388835,0.700355871886121,0.23306489815253434,7039.0
naproxen,0.13700787401574804,0.09808342728297632,0.11432325886990802,635.0
oxcarbazepine,0.13333333333333333,0.3106796116504854,0.18658892128279883,240.0
propranolol,0.13227513227513227,0.030835646006783842,0.05001250312578145,756.0
rivaroxaban,0.12885154061624648,0.16457960644007155,0.14454045561665357,714.0
bupropion,0.1267387944358578,0.2106164383561644,0.15825024123512382,1941.0
ibuprofen,0.12567049808429118,0.47398843930635837,0.19866747425802544,1305.0
mirabegron,0.12169312169312169,0.17424242424242425,0.14330218068535824,189.0
valacyclovir,0.12064965197215777,0.20392156862745098,0.15160349854227406,431.0
budesonide,0.11587982832618025,0.25961538461538464,0.16023738872403562,233.0
oxybutynin,0.11287128712871287,0.09878682842287695,0.10536044362292052,505.0
buspirone,0.10435663627152988,0.30029154518950435,0.1548872180451128,987.0
sitagliptin,0.10213414634146341,0.07089947089947089,0.08369768894440974,656.0
loratadine,0.10182767624020887,0.1822429906542056,0.1306532663316583,766.0
ofloxacin,0.09815950920245399,0.02069857697283312,0.03418803418803419,163.0
telmisartan,0.0975609756097561,0.014719411223551058,0.025579536370903277,164.0
ethinyl estradiol,0.09090909090909091,0.5,0.15384615384615385,22.0
sulindac,0.08695652173913043,0.022727272727272728,0.036036036036036036,23.0
quetiapine,0.07407407407407407,0.271356783919598,0.11637931034482758,729.0
atomoxetine,0.0707070707070707,0.3333333333333333,0.11666666666666667,99.0
levofloxacin,0.049586776859504134,0.2608695652173913,0.08333333333333333,121.0
baclofen,0.04753521126760563,0.06699751861042183,0.055612770339855816,568.0
sertraline,0.04633887513264945,0.40061162079510704,0.08306911857958148,2827.0
meloxicam,0.043882978723404256,0.5546218487394958,0.08133086876155268,1504.0
topiramate,0.038461538461538464,0.0379746835443038,0.03821656050955414,624.0
furosemide,0.03679852805887764,0.2185792349726776,0.06299212598425197,2174.0
labetalol,0.03546099290780142,0.06944444444444445,0.046948356807511735,141.0
enalapril,0.028481012658227847,0.06766917293233082,0.0400890868596882,316.0
nebivolol,0.027472527472527472,0.022026431718061675,0.02444987775061125,182.0
tramadol,0.027216856892010536,0.25833333333333336,0.04924543288324067,1139.0
paroxetine,0.024822695035460994,0.023608768971332208,0.024200518582541054,564.0
cetirizine,0.02303754266211604,0.07049608355091384,0.03472668810289389,1172.0
indomethacin,0.022222222222222223,0.02702702702702703,0.024390243902439025,45.0
fluorouracil,0.017241379310344827,1.0,0.03389830508474576,58.0
escitalopram,0.01680672268907563,0.1643835616438356,0.030495552731893267,2142.0
rosuvastatin,0.01675041876046901,0.08665511265164645,0.02807411566535654,2985.0
alprazolam,0.014505119453924915,0.06115107913669065,0.023448275862068966,1172.0
betamethasone,0.013333333333333334,0.022727272727272728,0.01680672268907563,75.0
chlorthalidone,0.012684989429175475,0.07792207792207792,0.02181818181818182,473.0
nabumetone,0.010309278350515464,0.125,0.01904761904761905,97.0
duloxetine,0.009575104727707959,0.012872083668543845,0.01098146877144818,1671.0
citalopram,0.009380863039399626,0.08403361344537816,0.016877637130801686,1066.0
isosorbide mononitrate,0.004629629629629629,0.09090909090909091,0.00881057268722467,432.0
pravastatin,0.004270462633451958,0.03260869565217391,0.007551919446192574,1405.0
spironolactone,0.003134796238244514,0.08823529411764706,0.006054490413723511,957.0
simvastatin,0.002232142857142857,0.023255813953488372,0.004073319755600814,2240.0
trazodone,0.0018190086402910413,0.21052631578947367,0.0036068530207394047,2199.0
amitriptyline,0.0014367816091954023,0.008849557522123894,0.002472187886279357,696.0
clopidogrel,0.0008025682182985554,0.125,0.001594896331738437,1246.0
lisinopril,0.0005939123979213066,0.002168021680216802,0.0009324009324009324,6735.0
adapalene,0.0,0.0,0.0,9.0
cyclosporine,0.0,0.0,0.0,218.0
diclofenac,0.0,0.0,0.0,1011.0
cyproheptadine,0.0,0.0,0.0,31.0
timolol,0.0,0.0,0.0,274.0
ivermectin,0.0,0.0,0.0,13.0
benazepril,0.0,0.0,0.0,297.0
latanoprost,0.0,0.0,0.0,926.0
ipratropium,0.0,0.0,0.0,135.0
imiquimod,0.0,0.0,0.0,32.0
dexmethylphenidate,0.0,0.0,0.0,363.0
triamcinolone,0.0,0.0,0.0,493.0
trimethoprim,0.0,0.0,0.0,4.0
gentamicin,0.0,0.0,0.0,7.0
desvenlafaxine,0.0,0.0,0.0,145.0
erythromycin,0.0,0.0,0.0,69.0
hydrocodone,0.0,0.0,0.0,78.0
desloratadine,0.0,0.0,0.0,22.0
ampicillin,0.0,0.0,0.0,11.0
solifenacin,0.0,0.0,0.0,130.0
sulfamethoxazole,0.0,0.0,0.0,4.0
bisacodyl,0.0,0.0,0.0,19.0
piroxicam,0.0,0.0,0.0,1.0
penicillin v potassium,0.0,0.0,0.0,86.0
oxymetazoline,0.0,0.0,0.0,22.0
omeprazole,0.0,0.0,0.0,4265.0
olopatadine,0.0,0.0,0.0,124.0
azelastine,0.0,0.0,0.0,434.0
olmesartan,0.0,0.0,0.0,484.0
bimatoprost,0.0,0.0,0.0,156.0
brimonidine,0.0,0.0,0.0,189.0
permethrin,0.0,0.0,0.0,6.0
ranolazine,0.0,0.0,0.0,95.0
divalproex sodium,0.0,0.0,0.0,242.0
mometasone,0.0,0.0,0.0,22.0
minocycline,0.0,0.0,0.0,74.0
fluocinonide,0.0,0.0,0.0,69.0
liraglutide,0.0,0.0,0.0,329.0
esomeprazole,0.0,0.0,0.0,389.0
silver sulfadiazine,0.0,0.0,0.0,43.0
guanfacine,0.0,0.0,0.0,59.0
